{   
    "1100000000" : [{"cd": "11680", "cdNm": "강남구"}, {"cd": "11740", "cdNm": "강동구"}, {"cd": "11305", "cdNm": "강북구"}, {"cd": "11500", "cdNm": "강서구"}, {"cd": "11620", "cdNm": "관악구"}, {"cd": "11215", "cdNm": "광진구"}, { "cd": "11530", "cdNm": "구로구" }, { "cd": "11545", "cdNm": "금천구" }, { "cd": "11350", "cdNm": "노원구" }, { "cd": "11320", "cdNm": "도봉구" }, { "cd": "11230", "cdNm": "동대문구" }, { "cd": "11590", "cdNm": "동작구" }, { "cd": "11440", "cdNm": "마포구" }, { "cd": "11410", "cdNm": "서대문구" }, { "cd": "11650", "cdNm": "서초구" }, { "cd": "11200", "cdNm": "성동구" }, { "cd": "11290", "cdNm": "성북구" }, { "cd": "11710", "cdNm": "송파구" }, { "cd": "11470", "cdNm": "양천구" }, { "cd": "11560", "cdNm": "영등포구" }, { "cd": "11170", "cdNm": "용산구" }, { "cd": "11380", "cdNm": "은평구" }, { "cd": "11110", "cdNm": "종로구" }, { "cd": "11140", "cdNm": "중구" }, { "cd": "11260", "cdNm": "중랑구" }],
    "2600000000" : [{"cd":"26440","cdNm":"강서구"}, {"cd":"26410","cdNm":"금정구"}, {"cd":"26710","cdNm":"기장군"}, {"cd":"26290","cdNm":"남구"}, {"cd":"26170","cdNm":"동구"}, {"cd":"26260","cdNm":"동래구"}, {"cd":"26230","cdNm":"부산진구"}, {"cd":"26320","cdNm":"북구"}, {"cd":"26530","cdNm":"사상구"}, {"cd":"26380","cdNm":"사하구"}, {"cd":"26140","cdNm":"서구"}, {"cd":"26500","cdNm":"수영구"}, {"cd":"26470","cdNm":"연제구"}, {"cd":"26200","cdNm":"영도구"},  {"cd":"26110","cdNm":"중구"}, {"cd":"26350","cdNm":"해운대구"}],
    "2700000000" : [{"cd":"27720","cdNm":"군위군"}, {"cd":"27200","cdNm":"남구"}, {"cd":"27290","cdNm":"달서구"}, {"cd":"27710","cdNm":"달성군"}, {"cd":"27140","cdNm":"동구"}, {"cd":"27230","cdNm":"북구"}, {"cd":"27170","cdNm":"서구"}, {"cd":"27260","cdNm":"수성구"}, {"cd":"27110","cdNm":"중구"}],
    "2800000000" : [{"cd":"28710","cdNm":"강화군"}, {"cd":"28245","cdNm":"계양구"}, {"cd":"28200","cdNm":"남동구"}, {"cd":"28140","cdNm":"동구"}, {"cd":"28177","cdNm":"미추홀구"}, {"cd":"28237","cdNm":"부평구"}, {"cd":"28260","cdNm":"서구"}, {"cd":"28185","cdNm":"연수구"}, {"cd":"28720","cdNm":"옹진군"}, {"cd":"28110","cdNm":"중구"}],
    "2900000000" : [{"cd":"29200","cdNm":"광산구"}, {"cd":"29155","cdNm":"남구"}, {"cd":"29110","cdNm":"동구"}, {"cd":"29170","cdNm":"북구"}, {"cd":"29140","cdNm":"서구"}],
    "3000000000" : [{"cd":"30230","cdNm":"대덕구"},{"cd":"30110","cdNm":"동구"},{"cd":"30170","cdNm":"서구"},{"cd":"30200","cdNm":"유성구"},{"cd":"30140","cdNm":"중구"}],
    "3100000000" : [{"cd":"31140","cdNm":"남구"},{"cd":"31170","cdNm":"동구"},{"cd":"31200","cdNm":"북구"},{"cd":"31710","cdNm":"울주군"},{"cd":"31110","cdNm":"중구"}],
    "3600000000" : [{"cd":"36110","cdNm":"세종시"}],
    "4100000000" : [{"cd":"41820","cdNm":"가평군"},{"cd":"41281","cdNm":"고양시덕양구"},{"cd":"41285","cdNm":"고양시일산동구"},{"cd":"41287","cdNm":"고양시일산서구"},{"cd":"41290","cdNm":"과천시"},{"cd":"41210","cdNm":"광명시"},{"cd":"41610","cdNm":"광주시"},{"cd":"41310","cdNm":"구리시"},{"cd":"41410","cdNm":"군포시"},{"cd":"41570","cdNm":"김포시"},{"cd":"41360","cdNm":"남양주시"},{"cd":"41250","cdNm":"동두천시"},{"cd":"41192","cdNm":"부천시원미구"},{"cd":"41194","cdNm":"부천시소사구"},{"cd":"41196","cdNm":"부천시오정구"},{"cd":"41133","cdNm":"성남시중원구"},{"cd":"41131","cdNm":"성남시수정구"},{"cd":"41135","cdNm":"성남시분당구"},{"cd":"41111","cdNm":"수원시장안구"},{"cd":"41115","cdNm":"수원시팔달구"},{"cd":"41117","cdNm":"수원시영통구"},{"cd":"41113","cdNm":"수원시권선구"},{"cd":"41390","cdNm":"시흥시"},{"cd":"41271","cdNm":"안산시상록구"},{"cd":"41273","cdNm":"안산시단원구"},{"cd":"41550","cdNm":"안성시"},{"cd":"41171","cdNm":"안양시만안구"},{"cd":"41173","cdNm":"안양시동안구"},{"cd":"41630","cdNm":"양주시"},{"cd":"41830","cdNm":"양평군"},{"cd":"41670","cdNm":"여주시"},{"cd":"41800","cdNm":"연천군"},{"cd":"41370","cdNm":"오산시"},{"cd":"41463","cdNm":"용인시기흥구"},{"cd":"41461","cdNm":"용인시처인구"},{"cd":"41465","cdNm":"용인시수지구"},{"cd":"41430","cdNm":"의왕시"},{"cd":"41150","cdNm":"의정부시"},{"cd":"41500","cdNm":"이천시"},{"cd":"41480","cdNm":"파주시"},{"cd":"41220","cdNm":"평택시"},{"cd":"41650","cdNm":"포천시"},{"cd":"41450","cdNm":"하남시"},{"cd":"41590","cdNm":"화성시"}],
    "4300000000" : [{"cd":"43760","cdNm":"괴산군"},{"cd":"43800","cdNm":"단양군"},{"cd":"43720","cdNm":"보은군"},{"cd":"43740","cdNm":"영동군"},{"cd":"43730","cdNm":"옥천군"},{"cd":"43770","cdNm":"음성군"},{"cd":"43150","cdNm":"제천시"},{"cd":"43745","cdNm":"증평군"},{"cd":"43750","cdNm":"진천군"},{"cd":"43114","cdNm":"청주시청원구"},{"cd":"43111","cdNm":"청주시상당구"},{"cd":"43112","cdNm":"청주시서원구"},{"cd":"43113","cdNm":"청주시흥덕구"},{"cd":"43130","cdNm":"충주시"}],
    "4400000000" : [{"cd":"44250","cdNm":"계룡시"},{"cd":"44150","cdNm":"공주시"},{"cd":"44710","cdNm":"금산군"},{"cd":"44230","cdNm":"논산시"},{"cd":"44270","cdNm":"당진시"},{"cd":"44180","cdNm":"보령시"},{"cd":"44760","cdNm":"부여군"},{"cd":"44210","cdNm":"서산시"},{"cd":"44770","cdNm":"서천군"},{"cd":"44200","cdNm":"아산시"},{"cd":"44810","cdNm":"예산군"},{"cd":"4413","cdNm":"천안시"},{"cd":"44790","cdNm":"청양군"},{"cd":"44825","cdNm":"태안군"},{"cd":"44800","cdNm":"홍성군"}],
    "4600000000" : [{"cd":"46810","cdNm":"강진군"},{"cd":"46770","cdNm":"고흥군"},{"cd":"46720","cdNm":"곡성군"},{"cd":"46230","cdNm":"광양시"},{"cd":"46730","cdNm":"구례군"},{"cd":"46170","cdNm":"나주시"},{"cd":"46710","cdNm":"담양군"},{"cd":"46110","cdNm":"목포시"},{"cd":"46840","cdNm":"무안군"},{"cd":"46780","cdNm":"보성군"},{"cd":"46150","cdNm":"순천시"},{"cd":"46910","cdNm":"신안군"},{"cd":"46130","cdNm":"여수시"},{"cd":"46870","cdNm":"영광군"},{"cd":"46830","cdNm":"영암군"},{"cd":"46890","cdNm":"완도군"},{"cd":"46880","cdNm":"장성군"},{"cd":"46800","cdNm":"장흥군"},{"cd":"46900","cdNm":"진도군"},{"cd":"46860","cdNm":"함평군"},{"cd":"46820","cdNm":"해남군"},{"cd":"46790","cdNm":"화순군"}],
    "4700000000" : [{"cd":"47290","cdNm":"경산시"},{"cd":"47130","cdNm":"경주시"},{"cd":"47830","cdNm":"고령군"},{"cd":"47190","cdNm":"구미시"},{"cd":"47150","cdNm":"김천시"},{"cd":"47280","cdNm":"문경시"},{"cd":"47920","cdNm":"봉화군"},{"cd":"47250","cdNm":"상주시"},{"cd":"47840","cdNm":"성주군"},{"cd":"47170","cdNm":"안동시"},{"cd":"47770","cdNm":"영덕군"},{"cd":"47760","cdNm":"영양군"},{"cd":"47210","cdNm":"영주시"},{"cd":"47230","cdNm":"영천시"},{"cd":"47900","cdNm":"예천군"},{"cd":"47940","cdNm":"울릉군"},{"cd":"47930","cdNm":"울진군"},{"cd":"47730","cdNm":"의성군"},{"cd":"47820","cdNm":"청도군"},{"cd":"47750","cdNm":"청송군"},{"cd":"47850","cdNm":"칠곡군"},{"cd":"47113","cdNm":"포항시북구"},{"cd":"47111","cdNm":"포항시남구"}],
    "4800000000" : [{"cd":"48310","cdNm":"거제시"},{"cd":"48880","cdNm":"거창군"},{"cd":"48820","cdNm":"고성군"},{"cd":"48250","cdNm":"김해시"},{"cd":"48840","cdNm":"남해군"},{"cd":"48270","cdNm":"밀양시"},{"cd":"48240","cdNm":"사천시"},{"cd":"48860","cdNm":"산청군"},{"cd":"48330","cdNm":"양산시"},{"cd":"48720","cdNm":"의령군"},{"cd":"48170","cdNm":"진주시"},{"cd":"48740","cdNm":"창녕군"},{"cd":"4812","cdNm":"창원시"},{"cd":"48220","cdNm":"통영시"},{"cd":"48850","cdNm":"하동군"},{"cd":"48730","cdNm":"함안군"},{"cd":"48870","cdNm":"함양군"},{"cd":"48890","cdNm":"합천군"}],
    "5000000000" : [{"cd":"50130","cdNm":"서귀포시"},{"cd":"50110","cdNm":"제주시"}],
    "5100000000" : [{"cd":"51150","cdNm":"강릉시"},{"cd":"51820","cdNm":"고성군"},{"cd":"51170","cdNm":"동해시"},{"cd":"51230","cdNm":"삼척시"},{"cd":"51210","cdNm":"속초시"},{"cd":"51800","cdNm":"양구군"},{"cd":"51830","cdNm":"양양군"},{"cd":"51750","cdNm":"영월군"},{"cd":"51130","cdNm":"원주시"},{"cd":"51810","cdNm":"인제군"},{"cd":"51770","cdNm":"정선군"},{"cd":"51780","cdNm":"철원군"},{"cd":"51110","cdNm":"춘천시"},{"cd":"51190","cdNm":"태백시"},{"cd":"51760","cdNm":"평창군"},{"cd":"51720","cdNm":"홍천군"},{"cd":"51790","cdNm":"화천군"},{"cd":"51730","cdNm":"횡성군"}],
    "5200000000" : [{"cd":"52790","cdNm":"고창군"},{"cd":"52130","cdNm":"군산시"},{"cd":"52210","cdNm":"김제시"},{"cd":"52190","cdNm":"남원시"},{"cd":"52730","cdNm":"무주군"},{"cd":"52800","cdNm":"부안군"},{"cd":"52770","cdNm":"순창군"},{"cd":"52710","cdNm":"완주군"},{"cd":"52140","cdNm":"익산시"},{"cd":"52750","cdNm":"임실군"},{"cd":"52740","cdNm":"장수군"},{"cd":"52111","cdNm":"전주시완산구"},{"cd":"52113","cdNm":"전주시덕진구"},{"cd":"52180","cdNm":"정읍시"},{"cd":"52720","cdNm":"진안군"}]
  }